{"distortion_coeff": [[178.78777078581803, -17407.00618125989, -2.024022280090427, 1.0537658612973573, -92.55815105923423]], "camera_matrix": [[5814.6831436006005, 0.0, 344.3654343168174], [0.0, 3276.6343779568647, 279.03130551575714], [0.0, 0.0, 1.0]]}