{"distortion_coeff": [[-0.1190666351576991, -0.054945981232939346, 0.04526346405064483, -0.048162588940719855, 0.1413386207842537]], "camera_matrix": [[561.9880202800078, 0.0, 378.67728991095544], [0.0, 172.96274493366133, 307.96038820008215], [0.0, 0.0, 1.0]]}