{
  "distortion_coeff": [
    [
      -0.06878120272148697,
      -0.0011550116475998367,
      -0.013050913831972186,
      -0.0516569414352281,
      0.02417738873273994
    ]
  ],
  "camera_matrix": [
    [
      167.891344100155,
      0.0,
      353.7372930805062
    ],
    [
      0.0,
      733.3335435763005,
      235.3182003438364
    ],
    [
      0.0,
      0.0,
      1.0
    ]
  ]
}