{
  "distortion_coeff": [
    [
      -0.03952323777951738,
      -0.03611452722095183,
      0.008653995301031269,
      -0.013313440204284018,
      0.02198772488731103
    ]
  ],
  "camera_matrix": [
    [
      539.5314058058052,
      0.0,
      213.90895733662572
    ],
    [
      0.0,
      543.5813662750779,
      275.7850229389913
    ],
    [
      0.0,
      0.0,
      1.0
    ]
  ]
}