{"distortion_coeff": [[-119.62777344017898, 6530.917314143649, 2.2483307080934827, -0.43682875824118517, -91801.82562792498]], "camera_matrix": [[1815.901605619896, 0.0, 343.7728023811662], [0.0, 6040.28499822015, -76.05630823061067], [0.0, 0.0, 1.0]]}