{"distortion_coeff": [[10.23299065704298, -56.37150982203241, 0.2578779910544611, 0.03606460745623594, 79.5414335884926]], "camera_matrix": [[369.2749907567662, 0.0, 298.23912971085684], [0.0, 461.1544435957079, 408.114855528605], [0.0, 0.0, 1.0]]}