{"distortion_coeff": [[-0.3881153645283697, -1.8206439833610233, -0.07481184241664536, 0.003017323189098143, 4.956528525140355]], "camera_matrix": [[2771.2982781721144, 0.0, 318.26890751301806], [0.0, 386.8393488689992, 236.25815970029714], [0.0, 0.0, 1.0]]}